received_at,shortcode,platform,url,author,tag,title,one_liner,caption,key_points,transcript,has_video,image_count,recipe_ingredients,recipe_instructions,recipe_prep_time,recipe_servings,sent_in_newsletter
2026-05-15T22:17:00+00:00,DW9PTpiji4R,instagram,https://www.instagram.com/reel/DW9PTpiji4R,josh czuba,psychology,Breaking the Self-Improvement Self-Destruction Cycle,Rigid self-improvement rituals create a psychological prison that triggers self-destructive escape behaviors.,"The vicious cycle of self improvement and self destruction.

Full video on YouTube.

(FYI - treating YouTube as my “main” platform now. Prioritizing long form, thoughtful media there. Posting as often as I can.)

Much love, hope this is helpful","Treating self-improvement as a fragile set of must-do rituals builds a prison you'll want to escape — leading to relapse into numbing behaviors | The lock-in/fall-off cycle is fueled by self-centered anxiety about 'becoming enough,' not genuine engagement with life | Breaking the cycle requires balancing honest self-accountability with radical self-forgiveness and present-moment focus | Directing attention toward a purpose bigger than yourself removes the urge to escape and sustains momentum naturally","So the vicious cycle goes like this, you lock in and you fall off. You lock in, you get everything together, you start working out, you start building a business, you start going after your dreams, you leave your comfort zone, you say this is it, this is the moment my life changes, everything's going to be different from here. And you last maybe a week or two weeks or sometimes a day and then for whatever reason something in your system breaks and you find yourself turning back to all of the pleasure and comfort substances that you used to numb yourself before you locked in and you repeat this cycle over and over again without seeming to ever stay consistent with anything. This is brutal and you might be asking yourself, Josh, how do you know this? Because that's roughly what I've been going through for the last five to seven years of my life. I tend to turn to self-destruction with the same devotion that I bring to the self-improvement. Does that make sense? So both lifestyles mirror each other and in fact are part of the same cycle and I'm addicted to the whole cycle. Let me explain. Self-improvement. Lock in. Work out. Write. Post on social media. Eat perfectly healthy foods. Don't scroll. Read books. Fragile set of rituals that my whole identity is built around, okay? If I'm not doing all of those things every day to whatever standard I've set for myself, I don't feel like myself. What I'm trying to highlight here is the fragility of this and the obsessiveness around it, right? When you build, when your lifestyle is nothing but a fragile set of rituals, you are living within a prison that you've designed and when you are in prison, you are much more inclined to want to escape from said prison. So now we have to ask ourselves, how do we actually stick with it? How do we stick with anything? How do we create a life so engaging that we don't want to run away from it? It's a helpful question. It's this strange dance of balancing strict accountability with yourself, being very honest about how you're showing up and what's not working and what it would look like for it to work, but then also a radical sense of self-love, which is, I forgive you for the past. I don't want you to feel bad about it. I want you to keep your attention in the present and I want you to enjoy the present to the extent you can. What I know from having done this tens of times at this point over the course of my conscious life is that momentum is an extremely powerful force. And so as long as you can get yourself into just a little bit of motion and then have the courage and the will to sustain it while also taking care of yourself and meeting your needs across the full spectrum of your lifestyle, as long as you can do that, the momentum will carry you and you will slowly but surely fall back in love with the things that give you joy. Because maybe all of the self-centered anxiety around not being enough and one day becoming enough, one day becoming desirable and attractive and powerful and successful, maybe all of that thinking is part of the prison we want to escape from. And that if we could just direct our precious and limited human attention to something bigger than us, how to serve others, how to serve a cause, a mission, a goal, a purpose that is much bigger than our own material self and needs, maybe we wouldn't want to escape. And maybe for the first time in a very long time we would feel full. We would feel okay. And we would be excited to do it again tomorrow.",yes,0,,,,,
2026-05-15T12:21:10+00:00,DXrsNdZAJel,instagram,https://www.instagram.com/reel/DXrsNdZAJel,Heidi Tacktill | Somatic Breathwork,psychology,"You're Between Chapters, Not Broken","Life transitions feel like loss, but discomfort signals growth, not failure.","You’re not falling apart.
You’re in the middle of becoming.

Life transitions have a way of shaking everything loose. The roles, the routines, the version of you that once fit. And yeah, it can feel like you’re losing everything.

But look closer.

What’s leaving is creating space.
Space for what you’ve been asking for, even if you couldn’t fully see it yet.

Fear will try to convince you something’s gone wrong.
That you should go back. Grip tighter. Control it.

But this is the moment to soften your hold.

Stay here. In this breath. In this exact moment.
You don’t need the whole plan, you just need to trust the next step.

The universe isn’t taking from you.
It’s preparing you.

For something bigger.
More aligned.
More honest.
More you.

Let it unfold.

Animation: @auraanimatedhq 💜 

#lifetransitions #trusttheprocess #nervoussystemhealing #breathwork #selftrust","What's leaving your life is creating space for what you've been asking for | Fear urges you to retreat, but going back means repeating the same patterns indefinitely | You're between two chapters — the discomfort is part of the process, not a sign something's wrong | You don't need the full plan, just enough trust to take the next step","Just trust me, you'll be fine Universe? Um, I really want this new thing. Huh? Huh? Huh? Huh? Wait! Why did you change everything? To make room. But I want the new thing and everything else! I want it to stay the same, but still get the new thing! Getting this requires you to grow to be eligible for it. In your case, you're being held back by all of these things. So I removed the things holding you back. I chose the safest path for you. But now things are too different. I want to go back. You want to go back to how things were? Yes. It's too scary here now. You can have the life that you used to have. You're allowed to settle or stop progressing whenever you want. But you'll relive the same experiences again and again and again until you integrate them. You'll fall back into your old patterns, be around the same people with the same mindsets that you've outgrown, relive the same feelings, feel the same fears, and be held back by the same apprehension forever. You won't grow or expand. Are you sure you want to go backwards? Now that you put it that way, no, I'm not. But I don't want to be here either. I'm just uncomfortable. Of course you are. You're in between two chapters of your life. You're releasing a lot in order to make room for bigger and better things. You're still on the right path, even if it feels uncomfortable right now. Just relax. You're exactly where you need to be.",yes,0,,,,,
2026-05-15T03:07:53+00:00,DWXw_6iEaNI,instagram,https://www.instagram.com/reel/DWXw_6iEaNI,BELLA SOLANOT | Writer • Expander,psychology,Quantum Leap Into Your Highest Timeline,Visualize your life six months from now to break self-imposed identity limits and act from that future self today.,Everyone watching this video is officially embodying frog energy 🐸🐸🐸 LEAPPPPING into their highest timeline.,Imagine a FaceTime call 6 months from now where you've already achieved your goal — use that vision as your current reality | Identify the self-imposed identity cap holding you back and consciously release it | Don't wait 6 months — take one action today that signals to yourself you've already arrived | Catch yourself venting or playing small and redirect: behave as the version of you who has already made it,"Skip this video if you don't want to quantum leap Okay, so everyone here is ready to quantum leap yeah, you ready you ready, okay I want you to imagine that in six months you're facetiming your best friend They're like, oh my god, hey, how's life and In this six month time six month time You have done it You did it The thing that's on your mind right now that you know is the timeline that's meant for you. You did it You're living in that timeline no matter how audacious it is. You did it I don't care how big like dream bigger you did it. Okay, that's that's what the facetime conversation is about It's taking place in that timeline There are certain conversations that you are having Because you've arrived and there's also conversations and a certain energy and identity that you are no longer having Conversations are no longer having an identity. You are no longer playing in because you've arrived Think about the conversations you're still entertaining with yourself with others the level of identity that you were limiting yourself at you got rid of that right imagine there's a cap and You're going oh my god and your life doesn't go above that. That's you You're putting that cap on yourself through a certain identity in this six month timeline. You released it You realized what you were holding yourself back from doing and you realize that it was you it was a self-imposed limitation But what you're gonna do is ask yourself. What is that version of you? Doing what is the difference in that identity now, you don't have to wait. Here's the thing You don't have to wait. You don't have to wait for six months to go by to figure out How you've arrived time is not real Okay You're gonna jump and what you're gonna do is you're going to tune into this version of you six months from now You're gonna visualize this facetime conversation that you're having and you're gonna identify. What have you let go of? What are you no longer entertaining within yourself conversations with others conversations with yourself a way that you treat yourself with you consider yourself You're gonna take that consciousness. You're gonna let it inform you right now Right here in this moment. You're gonna take an action today That's going to affirm this that is going to be a signal sent out to the universe that you understand the plot Your vision gets to inform you now today today you get to do that and Then get freaking ready you're gonna quantum leap you're going to freaking be out of this Limited timeline have that facetime conversation start talking like that today when you catch yourself about to vent about something that's not working out. Stop That high yourself She doesn't do that because she's arrived and then she acts like it she goes ahead and she takes action and she acts like it Being you're about to quantum leap",yes,0,,,,,2026-05-15
2026-05-14T21:29:07+00:00,fbs1CVBNE72G1,facebook,https://www.facebook.com/share/r/1CVBNE72G1/?mibextid=wwXIfr,Anna Akana,psychology,Daniel Pink's Scientific Secrets of Perfect Timing,A comedic summary of Daniel Pink's 'When' reveals how to schedule your day around your natural energy cycles.,"When you should do that, the scientific secrets of perfect timing. Takeaways from Daniel H. Pink’s book 
.
.
.
Shot by @johnleestills
Grip @meliseeta
Sound @mobleywillwork
Edited by @benchinapen","Most people peak analytically in the morning — schedule focused, analytical work then and creative work in the afternoon | Everyone follows a peak → trough → recovery cycle; the 1–4 p.m. slump is ideal for low-stakes tasks like emails | Optimal productivity ratio is ~52 minutes of work followed by 17 minutes of break | Timing matters beyond work: morning surgeries have fewer errors, morning court appearances get more lenient rulings, and workout timing depends on whether you're a morning or evening person","Hey, I was gonna schedule that meeting. Uh, does 2 p.m. work for you? Oh! Bestie! Have you not read When? The Scientific Secrets of Perfect Timing by Daniel H. Pink? No, but I have a feeling I'm about to get hit with a summary. So Pink researched when the optimal time to do things was, but he couldn't find one solid resource. So he poured over research from dozens of fields and compiled all the information into his book. So, do you want the meeting at noon? In terms of when you should be productive versus when you should be creative, a majority of people will find their productivity levels and analytical skills to be significantly higher in the morning. 9 a.m. then. Okay, I'm putting it in the calendar now. The back half of the day is when these focused skill sets go adios, so it is much easier to be creative. Okay, I disagree. If I don't write first thing in the morning, it does not happen for me. Good for you, Bestie. Pink talks about how figuring out your own cycle of effectiveness is key. Every person has a period of peak productivity, followed by a sluggish period, then a recovery period. So for the majority of people, between like 1 and 4 p.m., you hit a point where you're like, oh my god, I can't focus. I need a snack. I'm about to die. And that's when you should do boring shit like emails. What? Pink says to recover from our sluggish period, taking breaks is paramount. He says your optimized productivity ratio is like 52 minutes of working alternated with 17 minutes of break time. Okay, that is so specific. I am not setting an alarm for 17 minutes. Knowing your own waves of the day will also help you figure out things like when is it best for you to work out. If you're an early riser, working out in the morning will have benefits like increased weight loss and muscle gains and sustained energy throughout the day. Yeah, I find that's true for me. Like when I... But if you're more of a night owl, evening workouts also have positive benefits. When the evening rolls around, your body is like really supple and at its peak performance. An overwhelming majority of world records are done in the afternoon for a reason. You're less prone to injury and you have greater endurance. I don't think I care about any of that. And because you know that the majority of people are sharpest in the morning, you just gotta schedule accordingly. So like, if you have a surgery, studies show that far more mistakes are made later in the day so you wanna book your doctor for the morning. Also, the disposition of a judge is more lenient in the morning. So, if you're begging for parole because you totally didn't mean it when you parkoured under your ex's balcony when you were drunk at 3am... Okay, that's wildly specific. Make sure that you see her on her in the morning after she's had a little snack. Well, it does sound like an interesting book. Thank you for that summary. It was, Betsy, it was. So I will see you at 9am tomorrow. See you, Gwen. Okay. Just stop. Yeah, you see what I did there? It's disgusting. You're really gonna end this video on a pun? That's the kind of comedian we are now? That's what's going... Come see me in the fall. I'm gonna be touring. Here's my tour dates. Really excited to see you then. This is peak comedy, top comedy. This show will be nothing like this. It'll be about death and suicide. I'll bring out my dead sister's hair. It'll be a great time. See you then.",yes,0,,,,,2026-05-15
2026-05-14T05:15:51+00:00,DYPq3P_CgbM,instagram,https://www.instagram.com/reel/DYPq3P_CgbM,Emily McDonald,psychology,Break Rules to Wire Your Brain for Success,"Playing by your own rules activates dopamine and agency, while following others wires your brain for mediocrity.","The people who change the world are usually the ones who were told they were “too much,” “too unrealistic,” or “doing life wrong.”

Your brain was not designed to find your purpose by copying everyone else.

The moment you stop blindly following the script you were handed, you stop living on autopilot.

💖🧠 Em 

#neuroscience #growthmindset","Following others' rules trains repetitive survival loops, suppressing motivation and authenticity | Taking personal risks activates exploratory brain networks and boosts dopamine | Breaking from the expected strengthens the prefrontal cortex and disrupts autopilot (default mode network) | Perceived agency over your life is one of the strongest predictors of well-being","Science shows that you actually have to break the rules if you want to be successful. And I'll tell you the neuroscience behind why. Every time you play the game of life by someone else's rules, you do what's expected of you, what you should do, or what's realistic. You're training your brain to stay small. Playing it safe wires your brain for mediocrity. And it takes you out of your authenticity, which is where you are the most magnetic. But when you start playing by your own rules and taking risks, your brain shifts. You activate exploratory networks in your brain instead of repetitive survival loops, which boosts dopamine and motivation because you're actually choosing your path. You strengthen your prefrontal cortex so that you can actually be the boss of your own life. You also shake up the default mode network, which gets you out of autopilot and into being the creator of your life. Feeling like you have agency over your own life is one of the strongest predictors of well-being. And when you're following everyone else's rules, you don't have that. Creativity literally requires deviation from established patterns. That's why every visionary looks delusional before they look successful. Following the rules might get you a normal life, but it's not the norm to be happy and feel fulfilled. That's why there's so many haters in this world. Life is a game, and the people who win are not the ones who follow the rules. They're the ones who rewrite them. You cannot use someone else's map to find yourself.",yes,0,,,,,2026-05-15
2026-05-13T12:01:02+00:00,fbs1PxYTCtoak,facebook,https://www.facebook.com/share/v/1PxYTCtoak/?mibextid=wwXIfr,Cooking with Shereen,food,Homemade Beef & Lamb Gyros Hack,Use a parchment paper rolling hack to make authentic-style gyros at home without a spit.,Gyros #foodies #gyros #homemade #cookingwithshereen,"Mix ground chuck steak and lamb with grated onion, oregano, garlic, paprika, and cumin, roll to ¼-inch thick, and bake at 400°F for 20–25 minutes | Tzatziki is made with grated cucumber (moisture squeezed out), Greek yogurt, red wine vinegar, lemon zest, oregano, and fresh dill — best made a day ahead | Let the meat rest 8 minutes after baking for maximum juiciness before slicing | Assemble in warmed pita with caramelized onion, tomatoes, Greek feta, parsley, and olive oil","I'm a little late to this viral party. We're gonna use it to make gyros. Yes. Half a pound chuck steak. Cubic. And half a pound lamb. Grind your meat. One small onion. Grate it. Dried Greek oregano. About a tablespoon. One teaspoon each. Garlic, paprika, and cumin. Fish salt. Pepper. Mix. Parchment right over top. And I'm gonna roll it out to about a quarter inch thick. Credit to Meze Mike, the original creator of the parchment paper hack. Little Greek olive oil right over top. Into the oven. 400 degrees, 20 to 25 minutes. Now for the tzatziki. One garlic clove. Grate it. Three tablespoons red wine vinegar. It mellows the gag. You'll get all the good flavor of the garlic without that harsh afterbite. Zest of one lemon. We're not gonna use the juice. Here's a little chefy tip. Wrap it in plastic wrap and now it won't dry out. Back to the fridge. English cucumber. Halve it and scoop out the seeds. Grate it. Fingers. Squeeze out the excess moisture. Into the bowl. One and a half teaspoon dried oregano. Fish salt. Pepper. 16 ounces full fat Greek yogurt. Fresh dill. Don't go nuts. Just add a little bit. You could do this a day ahead. Keep it covered in the refrigerator. The longer it sets, the better it gets. Let it rest. Eight minutes. So juicy. You don't have a spit. This is a great way to be able to do it at home. My warmed pita from scratch. Lamb and beef. Little deep-flamed onion. Gotta season them first. Tomatoes. Greek feta. Parsley. Because you're fancy. Little more Greek olive oil. Empty. Lemon. Looks legit. Beef and lamb gyros. This is a genius idea. Very clever. It's a great way to now make authentic-style gyros at home. So good. So good.",yes,0,"0.5 lb chuck steak, ground | 0.5 lb lamb, ground | 1 small onion, grated | 1 tbsp dried Greek oregano | 1 tsp garlic | 1 tsp paprika | 1 tsp cumin | salt and pepper to taste | Greek olive oil | 1 garlic clove, grated (tzatziki) | 3 tbsp red wine vinegar (tzatziki) | zest of 1 lemon (tzatziki) | 1 English cucumber, seeded and grated (tzatziki) | 1.5 tsp dried oregano (tzatziki) | 16 oz full-fat Greek yogurt (tzatziki) | fresh dill to taste (tzatziki) | warmed pita, caramelized onion, tomatoes, Greek feta, parsley for serving","1. Grind chuck steak and lamb together. Mix with grated onion, oregano, garlic, paprika, cumin, salt, and pepper. | 2. Place mixture on parchment paper, cover with another sheet, and roll out to ¼-inch thick. | 3. Drizzle with Greek olive oil and bake at 400°F for 20–25 minutes. Rest 8 minutes before slicing. | 4. For tzatziki: combine grated garlic, red wine vinegar, lemon zest, squeezed cucumber, oregano, salt, pepper, Greek yogurt, and a little fresh dill. Refrigerate until ready to use. | 5. Assemble gyros in warmed pita with meat, caramelized onion, tomatoes, feta, parsley, and a drizzle of olive oil.",30 min,4,2026-05-15
2026-05-13T11:02:35+00:00,DVbdMVCDhKL,instagram,https://www.instagram.com/reel/DVbdMVCDhKL,Ivania Delgado,marketing,"Sell Emotions, Not Products — Stay Simple",Stop reinventing desires; sell one clear outcome to one specific audience on one platform.,"A lot of people keep trying to reinvent the wheel.

They want to sound “authentic,” profound, or create something no one has ever seen before.

If that’s truly what you want, great…

But in the meantime, the market is very simple.

💬Comment SCALE to get the training with the steps on how to sell an offer that is actually profitable on Instagram 

People buy a state of mind, outcomes, emotions…

so stop trying to sell a “product” and start selling: 

⚡️empowerment, recognition, security, convenience, prestige, freedom…

These desires are not new.

Your job is not to create a brand-new human desire.
Your job is to clearly decide:

• Who are you selling to?
• What do they already want?
• What specific outcome are helping them achieve?

That’s it

I failed creating offers that were too complex
and targeting audiences I didn’t truly connect with.

If I can share one key takeaway from those failures, it’s this:

The simpler and clearer your message, the higher the leverage.

Today, I generate consistent five figures with organic content by 👇🏼
solving one problem
for one specific audience
with one clear offer
and marketing it on one platform

If you want to learn how to package your solution, get discovered by your ideal client and sell it on repeat

Comment “SCALE” and I’ll send you the exact framework I use inside a free 60-minute training.","People buy states of mind — empowerment, freedom, prestige, security — not products | Define who you're selling to, what they want, and the specific outcome you deliver | Complex offers and mismatched audiences kill revenue; simplicity creates leverage | One problem, one audience, one offer, one platform drives consistent five-figure results",You're gonna look for me and I'll be gone I believe,yes,0,,,,,2026-05-15
2026-05-13T06:01:45+00:00,fbs1bR21zwtV1,facebook,https://www.facebook.com/share/r/1bR21zwtV1/?mibextid=wwXIfr,Chef Fatty,food,Lazy Dan Dan Noodles in 15 Minutes,A quick one-pot dan dan noodle recipe with crispy pork and a tahini-chili sauce.,"Comment “Recipe” and I’ll send it to your DMs! 🌶️🙌

#dinneridea #quickrecipes #asianrecipes #easyrecipe #onepotmeal","Cook noodles and set aside, then crisp up ground pork with soy sauce and garlic | Fry together tahini, chili oil, soy sauce, sesame oil, Chinkiang vinegar, sugar, and green onions | Toss noodles and pork into the sauce and serve immediately | Total cook time is under 15 minutes","Let's make the Lazy Don Don Noodles in under 15 minutes. Cook your noodles then set aside. Crispy ground pork, add soy sauce, garlic, then set aside. Then fry tahini, chili oil, soy sauce, sesame oil, ching-kang vinegar, sugar, green onions. Stir, then add your noodles, ground pork, then serve. Bon appetit!",yes,0,noodles (quantity as desired) | ground pork | soy sauce (for pork) | garlic | tahini | chili oil | soy sauce (for sauce) | sesame oil | Chinkiang vinegar | sugar | green onions,"1. Cook noodles according to package instructions, then set aside. | 2. In a pan, cook ground pork until crispy, then add soy sauce and garlic. Set aside. | 3. In the same pan, fry tahini, chili oil, soy sauce, sesame oil, Chinkiang vinegar, sugar, and green onions until combined. | 4. Add cooked noodles and ground pork into the sauce and stir to coat. | 5. Serve immediately.",under 15 min,,2026-05-15
2026-05-11T05:10:13+00:00,DYKu6r6I0EJ,instagram,https://www.instagram.com/reel/DYKu6r6I0EJ,Ro,food,Overnight Greek Yogurt Cream Cheese,"Strain Greek yogurt overnight to make a thick, probiotic-rich cream cheese alternative.","cream cheese and labne had a baby ~ pure Greek yoghurt overnight recipe 

waw @healingnutrition TCM term 2 inspiring me be creative with meals I crave, but use ingredients that make me feel good ~ so creamy and probiotic rich.  wipeddd the store bought stuff +  no added 💩

Recipe
500g 5% organic Greek yoghurt
2 tsp lemon juice 
1 ¼ tsp salt 

🌀spring eating 🌀 traditional wellness systems often focus on lighter, fresher foods that support digestion and energy after winter. Fermented foods like yoghurt can help support gut diversity and digestion, while higher protein breakfasts can also help with satiety and steadier energy through the morning.","Only 3 ingredients: Greek yogurt, salt, and lemon juice | Strain through kitchen paper on a sieve overnight to thicken | Flavor with chives, spring onions, honey, or olive oil | Replaces store-bought cream cheese with no additives",okay you're gonna turn your greek yogurt into the thickest cream cheese overnight a 500 gram pot of greek yogurt one and a quarter teaspoon salt two teaspoon lemon that's it put yogurt in between kitchen paper on a sieve bowl i love my boyfriend mug good night it's the next day it's completely soaked into the shape you want and you can flavor this however you want you can add chives you want spring onions but honestly on its own with a little bit of honey olive oil and lemon juice on a bagel i'm never buying cream cheese again,yes,0,500g 5% organic Greek yogurt | 1¼ tsp salt | 2 tsp lemon juice,"Mix salt and lemon juice into the Greek yogurt. | Place kitchen paper over a sieve set above a bowl. | Pour yogurt mixture onto the kitchen paper. | Leave in the fridge overnight to strain. | Remove and shape as desired. Add toppings like honey, olive oil, or herbs to serve.","5 min active, overnight passive",4–6,2026-05-15
2026-05-10T13:32:18+00:00,DYDA3PypDcf,instagram,https://www.instagram.com/reel/DYDA3PypDcf,Ana Urban | ADHD + Mindset Coach,psychology,Mental Rehearsal Cuts Monday ADHD Friction,Visualization and mental rehearsal can lower friction across all six core ADHD hallmarks before tasks begin.,"I am committed to teaching mental rehearsal and visualization to as many ADHDers as possible because this is the ONE THING that most effectively lowers the friction for all six ADHD hallmarks (attention, memory, time management, emotional regulation, impulse, and organization).

This is exactly what my new training, The Mental Rehearsal Method for ADHD, will teach you you to do.

How to mentally rehearse before you start so your brain actually perceives tasks as worth your attention.

I’m dropping it mid-May and it includes something I’ve never released outside of my private coaching program: mental rehearsal tracks built specifically for ADHD brains, each paired with music chosen intentionally to match how your nervous system actually works. Tracks for sustaining attention, impulse control, time management, and emotional regulation.

What’s your biggest ADHD struggle right now? Drop it in the comments. I’ll record visualizations specifically for what you need.

& you can also comment WAITLIST and I’ll let you know when the training is ready 🤸🏽‍♂️

#adhd #adhdinwomen #adhdmom #visualization #joedispenza","Mental rehearsal makes the ADHD brain perceive tasks as worth attention before starting | Targets all six ADHD hallmarks: attention, memory, time management, emotional regulation, impulse control, and organization | Upcoming training includes audio tracks paired with music matched to ADHD nervous system needs | Tracks are purpose-built for sustaining attention, impulse control, time management, and emotional regulation",,no,3,,,,,2026-05-15
2026-05-09T12:34:25+00:00,DXu031riLeM,instagram,https://www.instagram.com/reel/DXu031riLeM,AYO FURY,food,Chemical Engineer's Science-Backed Lemon Loaf,A chemical engineer optimizes lemon loaf for intense citrus flavor using food science principles.,"Lemon Loaf 🍋 🍞 // How a chemical engineer would make the World’s best lemon loaf. I tested this one 8 times and got an addicting, moist, and dense lemon loaf. I’ve optimized it for intense lemon flavor but has other flavors in the background making it way better than one you buy at the store.

Recipe
This recipe is for a 8x4 loaf. If your pan is 9x5, multiply all ingredient measurements by 1.5. 

Loaf 
165g granulated sugar
Zest of 1 lemon
Zest of 1 lime
Zest of 1 orange 
1 tsp grated fresh ginger
1 egg
75g olive oil
65g almond milk
145g AP flour 
1 tsp baking powder
1/2 tsp salt
30g lemon juice (1/2 lemon)
10g lime juice (1/2 lime)

Lemon Syrup
30g lemon juice
15g lime juice 
25g Powdered sugar

1. This recipe is for a 8x4 loaf. If you are using a 9x5 loaf, multiply ingredient measurements by 1.5.
2. Preheat oven to 160C/320F convection/fan setting. Otherwise use 180C/350F if you do not have fan setting. Grease and line your loaf tin with parchment paper.
3. In a large bowl, add sugar, all zests, and fresh ginger. Rub all of these together with your fingers until the sugar is resembles yellow damp sand. Let sit for 15 minutes to absorb all the essential oils
4. Add egg and olive oil. Whisk and let sit 5 minutes. A lot the sugar should be dissolved after 5 minutes.
5. Add milk and whisk. Make sure all sugar is dissolved.
6. Add dry ingredients, lemon juice, and lime juice at the same time and mix until well combined.
7. Pour batter into lined loaf tin. Bake for 55-60 minutes the loaf will be golden should spring back when you press the top.
8. Prepare lemon syrup by mixing everything together. 
9. Once loaf is out, let rest for 10 minutes, then poke holes throughout the loaf with a skinny skewer. 
10. Spoon lemon syrup over the hot loaf. Make sure to get the edges. It’ll soak up the syrup quickly.

Optional: A glaze - mix runny Greek yogurt, powdered sugar, lemon juice until combined and drizzle over the top once nearly cooled
Pro tip: once cooled, wrap tightly in plastic wrap over night. It will be super moist the next day.",Bake at 160°C instead of 180°C to prevent limonene and citral (citrus flavor molecules) from degrading | Add lime zest and juice alongside lemon — lime's pinene and terpene molecules add woody/spice background notes that make the flavor more complex | Rub sugar with zests and ginger for 15 minutes to extract essential oils before mixing the batter | Poke holes and soak the hot loaf with lemon-lime syrup immediately after baking for maximum moisture,"This is how a chemical engineer makes the world's best lemon loaf. First, a chemical engineer would never bake at 180°C or 350°F. Citrus flavor comes from the flavor molecules limonene and citrile, which is thermally unstable. At 180°C, these are already beginning to degrade and evaporate off the loaf. That's why most loaves never really taste like lemon. So a chemical engineer would bake at 160°C to reduce some of the citrus degradation. Now lemon by itself can be a bit boring and even taste like soap. So to put it this way, you would never wear just a pure lemon cologne or perfume, right? It has to have like wood or floral notes in the background. Otherwise, it just smells like cleaning chemicals. The same concept applies to lemon loaf. In addition to limonene and citrile, lime contains pinyin and terpene, which are green wood and spice molecules found in pine trees, oregano, and thyme. Adding a little lime to your lemon syrup gives a background flavor to the lemon loaf and makes it far more satisfying to eat, but no one will know your secret. Wow. All because of science.",yes,0,165g granulated sugar | Zest of 1 lemon | Zest of 1 lime | Zest of 1 orange | 1 tsp grated fresh ginger | 1 egg | 75g olive oil | 65g almond milk | 145g AP flour | 1 tsp baking powder | 1/2 tsp salt | 30g lemon juice (about 1/2 lemon) | 10g lime juice (about 1/2 lime) | 30g lemon juice (syrup) | 15g lime juice (syrup) | 25g powdered sugar (syrup),"Preheat oven to 160°C/320°F (convection) or 180°C/350°F (no fan). Grease and line an 8x4 loaf tin with parchment paper. | Combine sugar, all zests, and fresh ginger in a large bowl. Rub together with fingers until sugar resembles damp yellow sand. Let sit 15 minutes. | Add egg and olive oil; whisk and let sit 5 minutes until most sugar is dissolved. | Add milk and whisk until all sugar is dissolved. | Add flour, baking powder, salt, lemon juice, and lime juice all at once; mix until well combined. | Pour batter into prepared tin. Bake 55–60 minutes until golden and top springs back when pressed. | Mix syrup ingredients together. Let loaf rest 10 minutes out of oven, then poke holes throughout with a skewer. | Spoon lemon-lime syrup over hot loaf, covering edges. Allow to soak in. | Optional: drizzle a glaze of runny Greek yogurt, powdered sugar, and lemon juice once nearly cooled. Wrap cooled loaf tightly in plastic wrap overnight for maximum moisture.",20 min + 55–60 min bake,1 loaf (8x4 pan),2026-05-15
2026-05-05T07:05:20+00:00,DXzEuy-uAVn,instagram,https://www.instagram.com/reel/DXzEuy-uAVn,Chris Lee - Nervous System Tools and Strategies,psychology,Co-Regulation: Why Your Circle Shapes Your Nervous System,"Your brain mirrors others' states, so stressed company keeps your nervous system on edge.",Co- Regulation.,"The fusiform gyrus reads faces and body language, adapting your nervous system to match those around you | Surrounding yourself with dysregulated people keeps your system in constant threat-detection mode | Saying 'no' conserves internal resources and prevents burnout, which is borrowing from tomorrow to meet today's needs | Cutting out or setting boundaries with draining people is a legitimate nervous system regulation strategy","In case you didn't know, you can co-regulate with somebody. When you're stressed out and somebody is regulated, you can kind of piggyback off their nervous system state and help you get grounded when you're stressed out. It also works the other way, and that's because there's an area of your brain called the fusiform gyrus, and a huge chunk of its responsibility is to look at other people's faces and body language and kind of adapt to the state of the collective that you're spending time with. So if you're hanging out with people who are stressed, burnt out, dishonest, like don't have integrity, your system is going to constantly be on edge trying to figure out and narrow down where the damage can be done. So yes, it is way more cost effective to not only say, yeah, I'm not going, but to start to cut those people out of your life, either with boundaries or just being able to say no. One of the greatest social regulation strategies is very simple, hard to miss, can't forget it. No. It's just saying no. Not only does it reserve your own resources, because I think burnout is the manifestation of stealing resources tomorrow to meet today's needs, but it also, you're going to start to recognize this, starts to help you better understand what you are and are not willing to tolerate. And exhaustion from people who are not taking care of themselves is one of those things.",yes,0,,,,,2026-05-08
2026-05-03T01:42:29+00:00,DWJ1mZbDTmr,instagram,https://www.instagram.com/reel/DWJ1mZbDTmr,The Flint | The Core Blueprint for Ambitious Thinkers,psychology,Stop Letting Fear Write the Full Story,True mental discipline means refusing to treat worst-case scenarios as the only possible outcome.,"The goal is not to force yourself into fake optimism. It is to stop treating one negative outcome as certainty. When the mind narrows everything down to a single worst-case scenario, the body reacts as if that future is already real. But the moment you widen the frame and remember there are multiple possible outcomes, something shifts. You regain steadiness. You regain perspective. 

That is where discipline begins. 

Not in pretending everything will work out perfectly, but in refusing to let fear write the full story before reality has spoken.","Your nervous system reacts as if disaster is real when the brain fixates on a single negative outcome | Widening your mental frame to see multiple possible outcomes physically calms the body | Thoughts are interpretations, not facts — and interpretations can be changed | Discipline isn't forced positivity; it's staying neutral and preventing negativity as your default lens","The point isn't to convince yourself everything will be perfect. The point is to remove the illusion that the negative outcome is the only possibility. Because once your brain sees multiple outcomes instead of just one threat, your nervous system settles. Your body stops reacting as if disaster is inevitable. As I wrote in The Flint Mine, thoughts aren't facts, they're interpretations, and interpretations can be changed. So the real discipline isn't forcing positivity, it's refusing to let negativity become your default interpretation. Stay neutral, see both sides of the coin, and keep your nervous system steady enough to deal with whatever actually happens.",yes,0,,,,,2026-05-08
2026-05-03T01:40:54+00:00,DXmRo6wgF1O,instagram,https://www.instagram.com/reel/DXmRo6wgF1O,We Who War Within,psychology,Stop Fixing ADHD — Start Power-Maxing It,"ADHD is an interest-based nervous system that becomes powerful when you work with it, not against it.","ADHD isn’t a deficit.

It’s an interest-based nervous system in a world that rewards consistency over intensity.

You were never “bad at focus.”
You were trying to force it… instead of activating it.

Hyperfocus.
Creativity.
Pattern recognition.
Energy in bursts most people can’t access.

That’s not dysfunction.

That’s power without direction.

So instead of asking,
“Why can’t I stay consistent?”

Start asking,
“How do I work with my brain?”

Close the small loops.
Take the break before the crash.
Stop masking.
Build around what lights you up.

Because when you learn how to direct it…

you don’t need to be “fixed.”

You become dangerously effective. 

#adhd #neurodivergent #powermaxxing #limitless #neurospicy","ADHD focus is activated by interest, not willpower — stop forcing it and start designing for engagement | Crashes aren't laziness; they're the cost of overmasking and running a neurodivergent brain like a neurotypical one | Close small open loops, allow side quests, and take breaks before the crash to protect mental energy | Shift the goal from 'perfect' to 'done' and build your life around what genuinely engages you","Things I can say for free your therapist can't. You don't need to fix your ADHD. You need to power max it. In the movie Limitless, one pill unlocked everything. Clarity, focus, and execution. But here's the reality. ADHD already has that switch. It's called interest. When something hits, you don't just kind of focus. You go all in. Hours disappear, ideas connect, and you move fast. That's not broken. That's untapped power. The problem isn't with your ability. It's how you're trying to access it. You're forcing focus instead of activating it. So power maxing looks like building your life around what engages you. Closing the small open loops that are draining your brain. Letting side quests exist because they fuel you. This isn't distraction. It's how your brain recharges. And here's the part I wish more people said. Your crashes, they're not laziness. They're the cost of overextending, over committing, and over masking. Trying to run your brain like it's neurotypical. So instead, take a break before the crash. Set boundaries on your hyper focus. And lower your expectations of perfect to done. Work with your brain. And suddenly, you don't need the pill in Limitless. Because ADHD is not a deficit. It's limitless energy. But without a user's manual. Learn to redirect it, and everything changes.",yes,0,,,,,2026-05-08
2026-05-03T01:32:44+00:00,DXlH9XkDA8c,instagram,https://www.instagram.com/reel/DXlH9XkDA8c,DIA,psychology,You Just Got 10 Years Back,A guided visualization forces you to confront regret and reignite motivation to change now.,This gave me reason to keep going!,"Imagine your life in 10 years went completely wrong — bad job, unhappy, unfulfilled | You see a photo of your younger self and beg for a second chance | The twist: opening your eyes means you already have that second chance right now | Uses prospective regret as a psychological trigger to spark immediate action","This 45 second experiment will change your life entirely, and for that to work, I want you to close your eyes. And I know what you're gonna say, oh let me just watch this with my eyes open, but trust me on this one, if you don't close your eyes, this experiment becomes kinda pointless. So close your eyes now. Imagine it's 10 years later in the future, and your life is exactly the opposite of what you wanted it to be. You have a job that you hate, you hate the people around you, you don't like your physique, and you're not happy at all. You really really hate your life. One night, at around 3am, when you're on your phone, you see a picture of yourself from 10 years ago, and you say to yourself, if I could go back 10 years in time, I'd change my life entirely. If this opportunity was given to me, that I could go back 10 years in time, everything would be different. And you begged God to give you back that chance. Now, open your eyes. You just came back 10 years in time. Out of all the people who asked for this chance, God gave it to you only. So tell me, what are you gonna do with it?",yes,0,,,,,2026-05-08
2026-05-03T01:31:11+00:00,DXwgOI6sXhX,instagram,https://www.instagram.com/reel/DXwgOI6sXhX,lauren | social media strategist 🦒,marketing,You Are the Niche: Personal Brand Strategy,"Stop picking a niche — build a personal brand around who you are, not a topic.","READ THIS when I say “don’t pick a niche”, that doesn’t mean don’t have an anchor to your content.

You bascially have two options (or a hybrid of both.) 

 ONE: 
Lead with expert content. That means your niche, for want of a better word, would become your anchor topic. This is what my account is mostlyyyy doing in the way that I’m talking about social media a lot. I’m creating synergy between personal branding and my face. 

It means that my goal is when you’re sitting at dinner and someone starts talking about social media, you reference the girl in the matcha hat that has been popping up on your feed all week. 

BUT notice what else you know about me (50k follower bet, loves matcha, lives in cape town, has cocker spaniel etc). You’re allowed to have an anchor subject and still know and still reference things wider about who you actually are as a human! 

TWO: 
You lead with a journey perspective. 
So, you have to give someone the narrative of who you are and where you’re trying to get to. 

Is it that you’re a new mum and you’re trying to fit all of the things in your world into your new time schedule? Is it that you’re in your thirties and suddenly realising that you don’t want to do the career that you signed up to do for the rest of your life? Are you testing or trying new hobbies to figure out how to funmaxx your life? 

THREE: 
My personal favourite is usually both (especially if you’re trying to sell something, a service or coaching etc). That’s exactly why I have this 50,000 followers bet with Patrick on this account, because it creates this fun entertainment aspect that I get to joke about constantly. 

Which are you - expert, journey or both? 

PS. Doing a full breakdown of this in tomorrow’s free masterclass. Comment “reset” if you want to nab one of the final spots! 

#contenttips #contentstrategy #socialmediatips #personalbrand","Lead with expert content (anchor topic) OR a personal journey narrative — or combine both for maximum connection | People connect to humans with perspective, not to niches or content categories | Your real brand is what you think about daily, talk to friends about, and could discuss for hours without notes | Mixing expertise with personal narrative (e.g., a public growth bet) adds entertainment and drives deeper audience loyalty","Female founders should not pick a niche. I said what I said. For years, the old advice was pick a niche, stay in your lane, and it created a generation of creators who are so fucking bored of their own content. Here's what actually works to make a personal brand in 2026. You're gonna want to hit save because I want you to go away and immediately action this. You're gonna take a pen and paper, you're gonna write down what do you think about every day, what do you talk to your friends about, what do people know you for, what could you talk about for two hours without any notes, what are you currently going through in your life. That list, that is your fucking personal brand. Not a topic, not a category, not a niche. You believe that I want to help as many women as possible get a personal brand because it opens up this whole world of opportunities that opens up a whole world of independence and how you show up for your family and how you're able to look after your health and you cycle your hormones. Personal brand is going to empower all of that. But I'm not just talking about social media and my content. I cycle sync everything. I moved from London to Cape Town three years ago. I'm growing an Instagram account from zero in public. I care about my hormones and habits and building a business that does not cost me my health. That combination of things is what people follow because now you know something about me, not just my content tips and isolation. You've connected to me. Say it one more time, people do not connect to niches, they connect to a human with perspective. So you are the niche. So stop figuring out what you need to post and start being exactly what you already are. It's so much easier than you think. A couple of posts ago, I broke down exactly how to action across the next three and a half months so that you're sitting in August and going, oh, fuck, I grew a personal brand and it actually started to have an impact that quickly. Go back and look at it. It's going to help you.",yes,0,,,,,2026-05-08
2026-05-03T01:27:17+00:00,DV_L8otjkc9,instagram,https://www.instagram.com/reel/DV_L8otjkc9,Dr. Chris Lee,psychology,Hack Your ADHD With Parasympathetic Routines,"People with ADHD can control hyperfixation by bookending their day with down-regulating, parasympathetic habits.",Video by drchrislee,"Alcohol is depressive/down-regulating, hinting that ADHD brains crave parasympathetic (calm) states | Bookend your day with parasympathetic routines to regulate dopamine and set a stable tone | High-stimulation behaviors and substances, used strategically mid-day, can trigger productive hyperfixation | Learning to enter and exit hyperfixation on demand is the real superpower for ADHD entrepreneurs","♪ I've got the magic in me. ♪ If you're neuro-spicy and need you to listen and listen closely, alcohol isn't the solution, but it might hide the key to your ADHD. Didn't do that on purpose, but here we are. It's depressive, period. Which means that people with ADHD oftentimes need a down-regulating, a parasympathetic dominant habit and routine. Habit and routine that's parasympathetic dominant, I will put a list of them in the caption down below. It's all about patterns and routines, whether you're neuro-spicy or neurotypical. Once you stack them up like that, not only are you gonna get dopamine expression that is going to match what you actually want to experience, but you can also learn to trigger, hear it with me, your hyperfixation and then reestablish the consistency that you're looking for in an unfixated state. What that means is if you have ADHD, and there's a reason that 90% of entrepreneurs have ADHD, they've just learned to control the pattern. So start of the day, end of the day, you wanna bookend with parasympathetic, down-regulating, depressive, not depressing, depressive, which just means you're taking high stimulation and you're bringing it low. That's going to set the tone, essentially. And then what you wanna do is realize that there's certain substance, chemicals, and behaviors that are high stimulating. Those, when not started or ended at the end of the day, will be able to trigger your hyperfixation. And then you basically hold the keys to the universe because nothing's really gonna get in your way except your ability to stay consistent. And I can hear you, oh my gosh, I can't do it. You'll do it as bad as you wanna do it. So do whatever you want with this information.",yes,0,,,,,2026-05-08
2026-05-02T23:24:23+00:00,DXJwgCUAW75,instagram,https://www.instagram.com/reel/DXJwgCUAW75,spandana,ai,Claude Code Automates Cinematic AI Videos,Connect Claude Code to Higgsfield via Playwright MCP to generate cinematic AI videos on autopilot.,"Claude Code plus Seedance 2.0 on @higgsfield.ai - the most powerful Al duo in the world

Comment “Claude” and I’ll send the full system
.
.
.
AI content creation, cinematic AI video generator, Claude AI automation, Higgsfield AI, Playwright MCP AI, AI marketing tools, generative AI video, AI video automation workflow, vibe marketing strategy, AI content creation for brands","Claude Code controls the browser via Playwright MCP, logging into Higgsfield and handling the entire video generation workflow hands-free | Custom Claude 'Skills' engineered for Seedance 2.0 translate a single brand idea into full cinematic prompts covering camera motion, lighting, and temporal consistency | The system runs end-to-end autonomously — user types one concept, walks away, and returns to finished high-quality video | Higgsfield currently offers up to 70% off unlimited Seedance 2.0 generations","Say what you want, but Cloud sucks at content creation until you add this one layer. I've been generating unlimited AI videos without even touching my laptop. So I connected Cloud Code to Hixfield through a Playwright MCB. Sounds technical? It's not. Basically, Cloud now has full control of the browser. It's logging into Hixfield, picking the model, uploading the images, writing the prompt. I'm just watching it happen. But this is what makes it dangerous. I built dedicated Cloud Skills specifically for CDANCE 2.0. You give Cloud one idea, a brand, a mood, a campaign concept, and these skills engineer the entire cinematic prompt for you. Camera motion, lighting physics, temporal consistency, stuff I wouldn't even know how to specify manually. And then it just runs it. Inside Hixfield, by itself. Like I typed one thing, walked away, and came back to this. The quality is insane. And it's not a one-off. Every generation is this consistent because this skill is doing the heavy lifting, not me guessing at prompts. I've been using this for everything lately. And honestly, this is what vibe marketing looks like. Oh, and Hixfield has up to 70% off unlimited CDANCE 2.0 right now. Loki didn't expect it to be this cheap for what you're getting. Comment Cloud and I'll send you the exact workflow I'm using. Skills file, automation script, all of it.",yes,0,,,,,2026-05-08
2026-04-30T08:25:41+00:00,DXmma_hCpcB,instagram,https://www.instagram.com/reel/DXmma_hCpcB,Charlie Rocket 🚀 Winning Streak,psychology,"Delusional Optimism: Win Small, Dream Big",Break audacious dreams into tiny wins to build the optimism and delusion needed to achieve them.,"As a professional dreamer and delusional optimist, this is my process of achieving every dream I’ve ever dreamed of. (Credit and inspiration to @isahaltam)","Reframe big dreams as easy by breaking them into small, actionable tasks | Start each morning with a 'winning streak' — small wins like making your bed build real momentum | Small wins → optimism → delusion → fearless action toward big goals | Expect resistance: pursuing big dreams makes you a target for doubt, critics, and your own mind","I know it sounds crazy, but it works. There's a concept I've tested called delusional optimism. You take the stupidest, most unlikely, crazy sounding, unrealistic dream, and you find proof that it's easy to achieve. I used this to achieve four of my dreams. I won a Grammy, I won an Emmy, I became a Nike athlete, and now I have 9 million followers on social media. The first thing I realized is that my dreams were just broad concepts. So I broke it down into simple and easy, actionable tasks to trick myself into believing it's easy. But here's what nobody warns you about. Mike Tyson said, when you chase your dreams, you're favored by God. But when you're favored by God, that means you're also favored by the devil. You become the devil's favorite. You'll be tested, and people will attack you. Even your own mind will attack you. But I have a secret trick that protects my optimism. Every morning when I wake up, I do this thing called winning streak. I made my bed, win. Cup of coffee, win. Took a good sh**. Winning streak. To create fearless action, you need constant proof that you're a winner. Small wins increase optimism. Optimism increases delusion. And delusion increases action. Achieving your dream isn't impossible. It's just one small win at a time.",yes,0,,,,,2026-05-01
2026-04-30T07:50:45+00:00,fbs1J7qTt67Mx,facebook,https://www.facebook.com/share/r/1J7qTt67Mx/?mibextid=wwXIfr,Dermarkologist,other,Best The Ordinary Products Ranked,Creator shares their top picks after trying every product from The Ordinary skincare line.,"I’ve tried EVERY product from the Ordinary and these are the best 💯

Not sure why the link isn’t working in the DMs, but you can find the list here:

https://shopmy.us/shop/collections/5029172",Creator claims to have tried every product from The Ordinary | A curated list of best products is shared via ShopMy link | No specific product details or reasons for recommendations are provided in the transcript,Thanks for watching guys!,yes,0,,,,,2026-05-01
2026-04-29T23:24:44+00:00,DXmFSpMDGYn,instagram,https://www.instagram.com/reel/DXmFSpMDGYn,lauren | social media strategist 🦒,marketing,Build a Personal Brand in 3.5 Months,"A week-by-week roadmap to launch, grow, and monetize a personal brand in 3.5 months.","3.5 months is all it takes to build a real personal brand. and I just mapped it out for you.

weeks 1-2: you’re not posting yet. you’re getting out of your head. pen, paper, 30 minutes alone. mind map everything - what you think about, what your friends know you for, what you’re going through right now. this is how you find your content. because YOU are the niche. not a topic. not a category. the full, complicated, specific human that you are.

month one: you start posting. 5-7x a week, feeling awkward, cringing at yourself. do it anyway. you take one idea and turn it into five. you add your mirror content - your stories, your opinions, your life. and at the end of the month, you look at your data.

month two: you amplify what landed. you learn the difference between discovery content, connection content, and trust content — and you make all three every single week. you also start cycle syncing your creation. film in ovulation. write and edit in luteal. plan in follicular. rest and reflect in menstrual.
month three: you lock in your batch system. you build a buffer. and you add your money content - because if you only teach, you’re useful but forgettable. if you only share your life, you’re entertaining but not building authority. magnet, mirror, money. every week.

and at the end of it you look at who you were when you started. overthinking. inconsistent. afraid to be seen. and you plan the next 3.5 months.
because this isn’t a sprint.

PS. comment “50k” and I’ll send you the full (free) breakdown of how I’m building this account to 50k and weekly updates of what I’m learning along the way 🍯

#personalbranding #contentcreator #instagramgrowth #contentstrategy","Weeks 1–2: Mind-map your life, interests, and experiences — YOU are the niche, not a topic | Month 1: Post 5–7x/week, turn one idea into five, add personal 'mirror' content, then review data (watch time, saves, shares) | Month 2: Amplify what landed, post discovery + connection + trust content weekly, cycle-sync creation if applicable | Month 3: Batch-film and build a content buffer, add 'money content' (offers, proof, testimonials) — mirror, magnet, money every week","What if I told you, you could build a personal brand in three and a half months that could change your life, would you do it? That takes us to about early August. All you have to do is follow the steps I've already mapped out for you. Your first two weeks are your prep. Take a pen and paper, go somewhere quiet, sit alone for 30 minutes and mind map everything in your head. I want to know what you think about every day, what you talk to your friends about right now. What are you going through? What are the season of life that you're in? Do not try to be strategic. This is literally a mind map. And the most important thing that you need to understand before you film anything is that you are not picking a niche. I am not a social media expert, for example. You are the niche. Month one is your launch month. This is where you become the creator. Week one is going to feel fucking awkward. You're going to cringe and you're going to do it anyway because we agreed three and a half months to change our lives. I want you to understand that your current circle is not your audience. So do not give a shit what your friends and family think about your content. Irrelevant. There is your inner child. I want you to acknowledge it. And then I want you to hold the hand of that inner child and say, fuck it. We're doing it anyway. Sorry, babe. Validate. Move on. Week two is you're taking one idea and you're taking it into five posts every single time. So, for example, cycle sinking. It's a talking head. It's a carousel. It's a four part series of what I would be eating, sleeping, blah, blah, blah, blah, blah, within each of my cycle phases. I could turn cycle sinking into a hundred different pieces of content today. That's the skill that you need to master. Week three, you're going to add your mirror content to the things that people relate to you by. This is your story, your life, your opinions on things that have absolutely nothing to do with your expertise. That's what turns followers into community. Week four, you're going to take stock of the numbers. First data point, your watch time. Are people actually watching? Then saves, then shares, then comments. That data tells you fucking everything. Month two is your growth month. You're going to take everything you learned in month one and you're going to amplify it. You can identify here where people are on your community ladder. Are they discovering you? Are they connecting with you? Are they starting to trust you? Because discovery content, connection content, and trust content are three very different things and you need to be posting all three every single week. And if you're a woman, I want you to start cycle sinking your creation if you haven't done so already. Film in your ovulation phase, edit and write in your luteal, plan in your follicular, and you should be able to get to a point where you're doing nothing except look at your analytics if you're on your period. Month three is really where it starts to click. You lock in your batch filming content systems. You plan multiple videos in one go. You build at least a one-week buffer so you are never caught off guard by an illness. And you start adding your money content in, by which I mean proof, your offer, your testimonials. And if you remember nothing else, I want you to remember that if all you do is teach, you are forgettable. If all you do is show your life, you're entertaining, but you're not trustable. And if all you do is try to sell, people are gonna leave. You need all three every single week. Mirror, magnet, money. And in the last two weeks of this month, I want you to sit down and I want you to reflect where you were three and a half months ago. Overthinking, inconsistent, stressed out about the idea of creating a brand. But lo and behold, here we are three months later, killing it, starting to see the impact of what showing up and posting online every single day actually does for your day-to-day life and your income. And then I want you to start planning the next three and a half months because this is not a sprint, this is a lifestyle.",yes,0,,,,,2026-05-01
2026-04-28T06:51:27+00:00,DXHdtoCjPGW,instagram,https://www.instagram.com/reel/DXHdtoCjPGW,Camila Tunoni,ai,Claude Code Automates Full Video Production,Using Claude Code + Playwright MCP to automate UGC video generation via Higgsfield's Seedance 2.0 model.,"Comment “CLAUDE” to get step-by-step guide ✅💻📝

Never thought I would be able to code like this haha now with the most powerful AI duo: Claude Code + Seedance 2.0 on @higgsfield.ai I was able to build skills for Seedance 2.0 that let Claude handle strategy, prompting, and full video production ✨🌟

+ you get up to 70% discount on unlimited Seedance on @higgsfield.ai cheapest pricing on the market 🥳

#higgsfield #seedance2 #claudeai #aimarketing #claudecode","Connected Claude Code to Higgsfield via Playwright MCP, giving Claude full browser control to navigate the UI and submit prompts automatically | Built custom Claude 'skills' engineered specifically for Seedance 2.0 to handle model selection, camera motion, and full video output | Entire workflow is triggered by a single terminal sentence — Claude does the rest while you're hands-off | Positions this as a way to replace a marketing team for product UGC video production at scale","Claude can now use the most powerful video model to replace your entire marketing team. I'm currently generating unlimited high quality UGC videos without even touching my laptop. So the secret is this. I connected Claude's code to Hixfield using something called Playwright MCP. This basically gives Claude full control of the browser so it navigates the UI. It paces the prompt faster than I ever could. But here's where it actually gets crazy. I built Claude's skills, specifically engineered for CDAN 2.0. Just look how fast it just generates. Watch this. I literally typed a sentence in the terminal. Claude reads it, triggers the CDAN scale, and it just goes. It's selecting the model, handles the camera motion, everything while I'm just drinking my water. You can do this for product-based videos. If you want the full workflow, then comment Claude below and I'll send you everything straight to your DMs. Bye guys!",yes,0,,,,,2026-05-01
2026-04-27T07:34:36+00:00,DXhCmYajj_X,instagram,https://www.instagram.com/reel/DXhCmYajj_X,Jo Mendes,ai,"3D Websites From Videos, No Coding Needed",Use Emergent's E1 agent and Claude to turn AI-generated videos into interactive parallax websites without writing code.,"Comment AI for the link to create 3D-like website animations from simple videos using Emergent and Claude skills, turning prompts into interactive parallax sites you can generate, customize and launch without coding in just a few steps
#aitools #emergent #webdesign #nocode #aiwebsites","Go to Emergent, connect your GitHub repo, select the E1 agent, and input a prompt file with your video and an inspiration site link | Use an AI video generator to create a 3D-style video from a photo as your starting asset | Emergent's Plot handles execution, generating a customizable parallax website automatically | This workflow can be sold as a service — no coding or 3D skills required","All these websites don't require coding knowledge or 3D skills anymore. Even your grandma can make websites like these, but it's probably not how you think. You see, if you go to this website, connect your github repo if needed, select the E1 agent and input this prompt file with your video and an inspiration website link, boom. Did you catch that though? I said video. Like in my intro, you can take a picture and use your favorite AI video generator to make a 3D video. Now with Plot inside of Emergent handling the execution, you could literally sell this as a service. You can test these for yourself, just comment AI for the links and the assets.",yes,0,,,,,2026-05-01
2026-04-27T07:28:13+00:00,DW85mwUg_Mf,instagram,https://www.instagram.com/reel/DW85mwUg_Mf,Vaibhav Sisinty,ai,Build a Daily Briefing Agent with Claude,"Claude Managed Agents lets you build autonomous AI agents in minutes using plain language, no code required.","AI agents that work while you sleep.

This is Part 1 of How I AI

I built a Daily Briefing Agent in minutes using Claude Managed Agents.

News. Emails. Calendar. All summarised and dropped in my Slack DM before I wake up.

No code. No manual setup. Just describe what you want and Claude builds and runs it.

This is vibe agentic AI. And it changes everything.

Join my WhatsApp community to stay ahead in the AI game. Link in bio.","Describe your task in plain English and Claude builds and runs the agent automatically | Connected Gmail, Google Calendar, and web search in one click to deliver a daily Slack brief by 7am | Agent runs overnight: surfaces top news, key emails, and calendar events before you wake up | Same approach works for support agents, ops task runners, and marketing report agents","Anthropic just did something wild. OpenClock could never do. And no, it's not a new model. It's not a new feature. It's an entirely new way of building AI agents that most people haven't even seen yet. This is part one of How I AI. This is Cloud Managed Agents. You just describe what you want to accomplish and Cloud builds and runs it. Here's how I built a daily briefing agent in minutes. Go to platform.cloud.com. Hit Managed Agents and click on Quick Start. Describe what you want. I said, every morning before I wake up, scan the internet for top news in my industry, summarize my important emails, check my calendar for the day and send me a 60 second brief on Slack. I connected web search, Gmail and Google Calendar all through Cloud in just one click. Then I dropped in my system prompt, scan top five news stories in my industry, pull today's meetings, summarize overnight emails that actually need my attention, package everything into one clean brief, deliver to my DM by 7 a.m. Now every morning, I wake up, news, emails and my full day already summarized. Waiting in my DM. The agent ran while I slept. Here's what else you can build with this. You can build a support agent that handles every ticket, an operations agent that runs your entire task list or a marketing analyst that drops your ad report in Slack before you wake up. Vibe coding gave everyone the ability to build apps. Vibe agentic AI gives those apps the ability to work without you. This is the next era. I share all of these exact prompts and tools to build all of this in my free WhatsApp community. Click the link in the bio.",yes,0,,,,,2026-05-01
2026-04-24T06:29:55+00:00,DVcdO_Lkk9_,instagram,https://www.instagram.com/reel/DVcdO_Lkk9_,Meagan Nunez | Brand & Content Mentor,marketing,The ATM Strategy for Content That Converts,Use a 90/10 value-to-sales ratio with actionable content to build trust and drive purchases.,"You’re posting constantly and still not making sales. 
And this is because you’re depositing in the wrong currency.

Most creators I work with inside The Creator Collective come in making this exact mistake, giving a lot, but not giving the right thing. So when it’s time to sell, the account is empty.

The ATM analogy that changed how I think about value content, watch til the end.

If you’re ready to stop guessing and start building content that actually converts, 
The Creator Collective is open. 
Limited to 40 spots, 
join through the link on my profile 🚀

#contentcreation #personalbranding #contentstrategy","Post actionable, result-driven content (not vague tips) — these are the 'right currency' your audience can actually use | Follow a 90% value / 10% ask ratio so your audience feels indebted before you pitch | Wrong currency: generic tips like 'eat more protein'; right currency: step-by-step how-tos that create real results | When your free content already solves the problem, your paid offer becomes the obvious next step","I made $100K in a month without asking people to buy my shit. And no, I did not use reverse sales psychology or sales tactics. I just learned how ATMs work. Let me explain. It's either you're constantly posting but never selling, so you're broke and resentful. Or you're constantly selling but never converting, so you're annoying and still broke. Both extremes are f***ing you over. So let me show you how to fix that. I stopped thinking about content as value posts versus sales posts and started thinking about it like a bank account. Imagine you're at an ATM in the US. You deposit US dollars. The machine reads that you can withdraw it later. It works. But what if you started depositing Japanese Yen, Euros, Monopoly money? They might have value somewhere, but this ATM can't read it, so it spits it back out. Yes, you made a deposit, but it doesn't count. That's what most of you are doing with your content. You're making the deposits, but it's in the wrong currency. You're posting tips that sound good, but doesn't really get anyone results. So when you finally ask for the sale, your account stays empty. So the question here is, what is the right currency and what deposits actually count? First is value that gets results, not tips or inspirational posts. These are actionable and tangible steps that people can start implementing today and actually see a change. The wrong currency looks like, here's 10 tips to lose weight. Number one, progressive overload. Number two, eat more protein. Number three, eat your veggies. That doesn't do anything, okay? You're presenting concepts that your ideal audience don't really know what to do instead of steps that they can start doing. Now, here are example of content pieces I've made that was valuable for my audience. First is a form correction video. I didn't tell them, do this exercise. I showed them how to do it. Second is for nutrition. I didn't just tell them to start dieting, eat less food. I showed them how to weigh their food, how to calculate their calories and their macros, and so on and so forth. Those are deposits that count. And that is a currency this ATM accepts. Now, how many times should you be posting before you make a sale? Here's my rule. 90% of the time, give so much value, and then 10% do an ask. The reason why I follow this ratio is because you want to give so much value to your audience that it makes them feel like, damn, I am robbing Megan right now. What is she offering? Take my credit card. I need your help. That's exactly what happened. I posted so much value when it comes to losing body fat, how to train in the gym, how to fuel their body better, that once I launched my digital product on solving that problem, it gave me an abundance of withdrawal. This is how you create content that doesn't feel like a sales pitch. Your offer, once you do launch it, just becomes the obvious choice for them because you've already solved their problem with your free content. Now, start abundantly making the right deposits so eventually you can abundantly withdraw. You're welcome.",yes,0,,,,,2026-04-24
2026-04-22T06:19:30+00:00,DW1yKfsAoln,instagram,https://www.instagram.com/reel/DW1yKfsAoln,Ohneis - Andries Ohneisser,ai,Claude Code Automates Your Entire Content Pipeline,"Claude Code orchestrates Fal.ai, Remotion, and Notion MCP to automate video creation from a single terminal.","Most creators waste more time switching apps than actually creating content. That’s not a workflow — that’s context-switching hell.
Claude Code just turned my terminal into a fully automated creative studio. Here’s the exact system.
Fal.ai generates your visuals using the latest AI models and turns them into video clips. Remotion takes every asset, adds animated captions, and exports a finished video — you never open an editing app.
Notion MCP pushes the full project automatically — script, assets, status, all tracked.
No more switching apps. No more manual editing. One system runs your entire creative production.
The bottleneck isn’t creativity. It’s the fragmented workflow between 15 different tools. This eliminates that entire layer.
You write the creative brief. Claude Code orchestrates Fal.ai for generation, Remotion for editing, Notion for project tracking. Everything automated from terminal to finished video.
This is what AI agents for creators actually means. Not replacing creative decisions — removing technical friction.
Comment STACK 👇 to get my full Claude Code guide for AI creators — Fal.ai integration, Remotion setup, Notion MCP workflow, and the exact automation that turns your terminal into a production studio.
Hashtags: #ai #contentcreation #automation #videoediting #claudecode","Fal.ai generates visuals and converts them into video clips using the latest AI models | Remotion adds animated captions and exports finished videos — no editing app needed | Notion MCP auto-tracks scripts, assets, and project status throughout production | Claude Code acts as the orchestration layer, eliminating context-switching across 15+ tools","Claude Code just turned my terminal into a fully automated creative studio and here's the exact system. Fall.ai generates your visuals using the latest AI models and turns them into video clips. ReMotion takes every asset, adds animated captions and exports a finished video. You never open an editing app. Notion MCP pushes the full project automatically, script, assets, status, all tracked. No more switching apps, no more manual editing. One system runs your entire creative production. Comment stack to get my full Claude Code guide for AI creators.",yes,0,,,,,2026-04-24
2026-04-22T06:04:16+00:00,DXK9DbGjxiv,instagram,https://www.instagram.com/reel/DXK9DbGjxiv,kyla scanlon,investment,AI Hype Masks Real Market Risks,Markets hit record highs on AI speculation while ignoring Fed independence threats and systemic risks.,April 15 2026: ArtificialInteligenceBird + continued Fed pressure,"Allbirds pivoted to 'New Bird AI' with a vague $50M deal, stock surged 600% — the investor's $3/share conversion became worth $300M+ | This mirrors blockchain-name-change era: investors are betting on market hype around AI, not actual AI businesses | S&P 500 hit an all-time high within 11 days of a 5–10% drop — fastest recovery since 1928, signaling reflexive dip-buying | Trump threatening to fire Powell and politicize the Fed poses serious systemic risk the market is largely ignoring","the stock market keeps on hitting record highs and there's a really good example of why that happened today and there's also a really good example of why this shouldn't be happening that happened today. So since 1928, this is the first time the S&P 500 has hit a new all-time high within 11 days of falling five to 10%. That is a market that is trained to buy every single dip no matter what. And you can see the market's excitement in things like Allbirds. So they're a sneaker company that IPOed at a $4 billion valuation in 2021. They just sold for about $40 million and announced that they are pivoting to AI compute infrastructure, calling themselves New Bird AI. The stock went up almost 600%, which is super normal. Allbirds was basically a dead company as Matt Levine of Bloomberg Opinion wrote about. So some investor shows up and says, I'm gonna give you a $50 million to pivot to AI, but I'm only giving you $5 million now. This investor will decide later whether or not to put in the other $45 million and they'll get the right to convert their loan into stock at $3 a share. So Allbirds announces this AI pivot that's not very clear how it's going to happen. The stock rockets to $19. So now that investor's $3 per share conversion is absurdly valuable. $50 million of notes converts into shares worth over $300 million at the current price. The investor had other great clauses baked in that made sure they made a lot of money. And as Matt Levine points out, this is a great portfolio strategy. So if you have 10 dead companies, you put up $5 million each, $50 million total, most of the companies will fall. If one holds on to hype around AI or whatever long enough, you convert, you sell, you make a ton of money and you cover everything else. It is the market's response to AI that you're investing in, not the AI itself, right? It's very similar to when an IC company switched to have blockchain in their name. So the market's so excited, but everything is pointing to the market not being excited. Trump went on Fox Business this morning and said that he'll fire Jerome Powell if Powell doesn't leave when his term as Fed chair ends on May 15th. Powell said he's not leaving until the investigation on him and the Federal Reserve is well and truly over with transparency and finality. There's a lot of danger of Trump's Federal Reserve becoming politicized. Trump very much wants the Federal Reserve to lower interest rates. That is not good for the current economy that we have. And there's a worry that Kevin Walsh would do that because there's pressure politically to do so. Janet Yellen, former chair of the Federal Reserve and former treasury secretary says she's never seen a threat of this level to the Federal Reserve. And if the Fed does lose independence, that's when things become really, really dangerous because of all of a sudden, the Federal Reserve is setting rates due to politics. You do not have a healthy economy. So the market is freaking out about an AI shoe company when there's clear systemic risks that they're not pricing very well, both in terms of the war and what could happen with the war and what's happening with the Federal Reserve. This is a market that really just wants to focus on the fun stuff rather than dealing with reality.",yes,0,,,,,2026-04-24
2026-04-21T08:05:28+00:00,DXSsRFxCQ0G,instagram,https://www.instagram.com/reel/DXSsRFxCQ0G,Max Sturtevant,ai,Claude AI Generates On-Brand Emails in One Prompt,Claude's new design feature creates full email campaign variations from a single prompt in minutes.,"Designed, on-brand email campaigns in literally one prompt 🤯 Possibilities are endless here. 

Hey, I’m Max. 8 years ago I got into ecommerce through running my own store.

What I loved most was the marketing, direct response, and seeing numbers go up on a screen...

That obsession led me to email, and I’ve been living and breathing it for the past 5 years.

I went in-house first. Head email marketer for multiple 8-figure brands at the same time until I built my agency, Well Copy.

We’ve now worked with 200+ ecommerce brands and currently manage email, sms, and subscription programs for 100+ actively...

We help brands scale from 7 to 9 figures, and have generated $200M+ from email in the process.

I’m 23 and built this all while in college and graduating in May 2025. 

This is all I do. All I think about. And I’m just getting started.

I post about email, SMS, and subscription brand growth... the strategies the fastest-growing brands are actually using TODAY.

If that’s what you’re here for, follow along 🤝

DM me “EMAILZ” to get free resources or explore working together (you can also hit the link in my bio).

Follow @wellcopymax for more.",Use Claude Pro's design mode to generate high-fidelity email variations from one prompt linked to a Figma file | You can annotate directly in the chat to request tweaks and edits on the generated designs | AI email design has improved dramatically — output is now brand-consistent and production-ready | Designers won't be replaced; they'll use this to produce at much higher volume and speed,"New Claude AI design update is insane. Look at what I was able to generate off of literally just one prompt in five minutes of work. Genuinely, designers and marketers might be cooked. In one prompt, I created this email, this email, and this email. Three variations of the same email. Crazy part is, is you can literally like draw on this and leave your comments and have it make updates for you directly here in chat. You can leave comments, whatever you wanna do, and it'll make tweaks for you. AI email design sucked before this, but now it's actually good. Here's like the exact system and prompts that I used. If you have the pro version of Claude, you can go to design right here. And you just wanna create a new project, high fidelity right here, and just name it like test. Literally, this is all that I used. I gave it a link to a Figma file with prior email designs, and I was like, hey, here's this brand, I want you to create some unique emails for me. And then it asked me a couple questions, so I was like, yep, so here are the questions, and then it literally just generated this. I'm gonna be messing around and finding the best sorts of prompts and the best system for this, so make sure that you follow along. But no, I don't think that designers are cooked. Designers are just gonna be able to use this as a tool to be able to produce content on a much wider scale.",yes,0,,,,,2026-04-24
2026-04-21T04:58:15+00:00,fbs1bvrvBPDnr,facebook,https://www.facebook.com/share/r/1bvrvBPDnr/?mibextid=wwXIfr,Jordan Yeoh,fitness,Fix Your Ab Exercises for Better Results,Simple form tweaks to target abs more effectively and reduce lower back strain.,Simplest way to level up your Abs workout,Replace leg raises with reverse crunches to hit lower abs and spare the lower back | Support your neck with hands during crunches to eliminate neck pain and fully engage abs | Open your knees when crunching upward to maximize ab activation and minimize hip flexor/lower back involvement,"When you do leg raises, you might feel a lot on your lower back. But when you do reverse crunches, more lower abs, lesser lower back. When you do your crunches like this, you'll get neck pain. But when you place your hand behind your neck and crunch just like this, you'll use fully abs. When you go all the way up, that's hip flexor and lower back. But when you open up your knees and crunch through all the way up, you use a lot of abs, lesser lower back.",yes,0,,,,,2026-04-24
2026-04-21T04:42:23+00:00,fbs1B7dyEzjtb,facebook,https://www.facebook.com/share/r/1B7dyEzjtb/?mibextid=wwXIfr,Chris Lee,food,Napa Soup Dumpling Lasagna Recipe,"A low-carb, high-protein lasagna using napa cabbage instead of wonton wrappers, with beef and shrimp filling.","Napa Soup Dumpling Lasagna

470 Calories
63gP | 10gC | 19gF

Ingredients:
150g Extra Lean Beef (Raw weight)
150g Shrimp (Raw weight)
Chopped Green Onion
1 Tsp Grated Ginger
½ Tbsp Minced Garlic
1 Tbsp Soy Sauce
½ Tbsp Sesame Oil
½ Tbsp Oyster Sauce
1 Tsp Brown Splenda
½  Tsp Salt
1 Tsp White Pepper
¼ Cup Chicken Broth
Napa Cabbage
Sesame Seeds

Sesame Oil Soy Sauce:
2 Tbsp of soy sauce
½ Tsp of sesame oil
Pinch of chili flakes/gochugaru

Instructions:
1. Into a bowl combine the following ingredients: 150g Extra Lean Beef (Raw weight), 150g Shrimp (Raw weight), Chopped Green Onion, 1 Tsp Grated Ginger, ½ Tbsp Garlic, 1 Tbsp Soy Sauce, ½ Tbsp Sesame Oil, ½ Tbsp Oyster Sauce, 1 Tsp Brown Splenda, ½ Tsp Salt, 1 Tsp White Pepper and mix.
2. Into an oven safe dish, line the bottom with napa cabbage then place about ½ of the filling mixture and flatten out. Place napa cabbage until completely covered. Repeat with a layer of filling and top with another layer of napa cabbage.
3.  Add about ¼ cup of chicken stock and steam until the mixture is cooked through (took around 10-12mins).
4. Top with green onions, sesame seeds, soy sauce mixture and enjoy!

Follow for daily healthy recipes!","63g protein, only 10g carbs, and 470 calories per serving | Replaces wonton wrappers with layered napa cabbage for a low-carb twist | Filling combines lean beef, shrimp, ginger, garlic, sesame oil, and oyster sauce | Steamed in an oven-safe dish for 10-12 minutes and topped with sesame soy sauce","Ditch the wonton wrappers if you're trying to lose weight because you need to try this Napa Soup Dumpling Lasagna. It packs 63 grams of protein for only 470 calories. It has only 10 grams of carbs and packs so much flavor for something so simple and easy to make. Full recipes in the description. And if you like recipes like these, follow me for daily healthy recipes. Enjoy!",yes,0,150g extra lean beef (raw weight) | 150g shrimp (raw weight) | Chopped green onion | 1 tsp grated ginger | ½ tbsp minced garlic | 1 tbsp soy sauce | ½ tbsp sesame oil | ½ tbsp oyster sauce | 1 tsp brown Splenda | ½ tsp salt | 1 tsp white pepper | ¼ cup chicken broth | Napa cabbage leaves | Sesame seeds | 2 tbsp soy sauce (for sauce) | ½ tsp sesame oil (for sauce) | Pinch of chili flakes/gochugaru (for sauce),"1. Combine beef, shrimp, green onion, ginger, garlic, soy sauce, sesame oil, oyster sauce, brown Splenda, salt, and white pepper in a bowl and mix well. | 2. Line the bottom of an oven-safe dish with napa cabbage, add half the filling and flatten. Cover with napa cabbage, repeat with remaining filling, and top with a final layer of napa cabbage. | 3. Add ¼ cup chicken broth and steam until cooked through, about 10-12 minutes. | 4. Mix 2 tbsp soy sauce, ½ tsp sesame oil, and a pinch of chili flakes for the sauce. Top dish with green onions, sesame seeds, and the sauce before serving.",15 min,1 serving,2026-04-24
2026-04-20T15:22:23+00:00,fbs18SeGNcAeB,facebook,https://www.facebook.com/share/v/18SeGNcAeB/?mibextid=wwXIfr,Claire Beluga,psychology,Close the Gap Between Deciding and Doing,The speed between intention and action is the single most reliable predictor of extraordinary vs. ordinary life.,"The distance between deciding and doing by Derek Sivers. 

The distance between deciding and doing is the single most reliable predictor of whether your lite will be extraordinary or ordinary. Not talent, not circumstances, not even the quality of your decisions-but how quickly you collapse the space between intention and reality. Think of this gap as a kind of friction coefficient on your existence: the smaller it is, the more of your internal force actually translates into external motion. When you can move from “I should do this” to physically doing it within hours instead of weeks, you’re not just accomplishing more-you’re operating in a fundamentally different mode of being where your thoughts have immediate consequences in the world, where your inner life and outer life are in a constant, tight, conversation.

#productivity #failure #selfhelp","Shrinking the gap between decision and execution increases iteration speed — 10 attempts vs. 1 | Faster action means faster feedback, faster failure, and faster course-correction | Hiding in intention without action is self-betrayal; reality only responds to what you actually do | True success is proof you lived in sync with your values — your knowing self and acting self unified","The distance between deciding and doing is the single largest predictor of whether your life will be extraordinary or ordinary. Some of the biggest doers in my life have sent this to me. By doers, I mean people who get shit done. This is their Bible. You will become a doer after hearing this. The distance between deciding and doing is the single most reliable predictor of whether your life will be extraordinary or ordinary. Not talent, not circumstance, not even the quality of your decisions, but how quickly you collapse the space between intention and reality. Think of this gap as a kind of friction coefficient on your existence. The smaller it is, the more of your internal force actually translates into external motion. When you can move from I should do this to physically doing it within hours instead of weeks, you're not just accomplishing more, you're operating in a fundamentally different mode of being where your thoughts have immediate consequences on the world, where your inner life and outer life are in constant, tight conversation. This matters profoundly because success isn't really about outcomes. It's about iteration speed. The person who can decide and act in the same breath gets 10 attempts at something while someone with a week-long gap between decision and execution gets one. They fail faster, learn faster, course-correct faster, and compound their advantages faster. More crucially, they remain in contact with reality. When your decisions meet the world immediately, you get immediate feedback about whether they were good decisions. You can't hide in comfortable delusions about what you would or could do because you're constantly discovering what you actually do. This brutal, liberating honesty with reality is what separates people who achieve extraordinary things from people who have extraordinary intentions. Such a banger. The ultimate insight is that shrinking this gap isn't just correlated with success. It might be the most honest definition of success we have because what is success except proof that you actually lived according to your own values and vision, that you were who you said you were? Every moment between decision and action is a moment of self-betrayal, a small death where a possible version of you fails to be born. Successful people have built lives with almost no lag between recognition and response, between seeing what needs doing and doing it. They've achieved something most people never do. They've synchronized their two selves, the one who knows and the one who acts, into a single undivided person moving through the world with uncommon force.",yes,0,,,,,2026-04-24
2026-04-19T22:51:56+00:00,fbs1FMe9eAWCx,facebook,https://www.facebook.com/share/r/1FMe9eAWCx/?mibextid=wwXIfr,theChefoutWest,food,Fudgy High-Protein Chocolate Cheesecake,"A healthy, high-protein chocolate cheesecake made with Greek yogurt and cottage cheese.","Fudgy high-protein chocolate cheesecake

Follow me AND comment YUM and I’ll send my recipe straight to your inbox. 

I just made this dark chocolate cheesecake that was insanely delicious and healthy enough that you can eat it every day for breakfast. It’s packed full of protein and just a few simple good for you ingredients you need to try this.","Blends Greek yogurt, cottage cheese, eggs, cocoa powder, oat flour, and maple syrup | Baked after blending — simple one-step prep | High-protein and healthy enough to eat daily for breakfast | Described as the best healthy dessert recipe the creator has ever made","I've been testing healthy high-protein dessert recipes and this fudgy chocolate cheesecake is by far the best dessert recipe I've ever made It's so easy to make all we're doing is adding Greek yogurt, cottage cheese, eggs, cocoa powder, oat flour, maple syrup, getting that blended together and baking it and you get the most insane high-protein chocolate cheesecake",yes,0,Greek yogurt | Cottage cheese | Eggs | Cocoa powder | Oat flour | Maple syrup,"1. Add Greek yogurt, cottage cheese, eggs, cocoa powder, oat flour, and maple syrup to a blender. | 2. Blend all ingredients together until smooth. | 3. Pour mixture into a pan and bake until set.",,,2026-04-24
2026-04-19T21:55:12+00:00,fbs1CPH7Pq2AL,facebook,https://www.facebook.com/share/r/1CPH7Pq2AL/?mibextid=wwXIfr,Steven Bartlett,fitness,Your Brain Fights Every Diet You Try,Neuroscientist explains how the brain actively resists weight loss by increasing hunger and lowering metabolism.,"Weight Loss Scientist, Dr Giles Yeo, says our brain HATES us losing weight! 🧠🤔","Even losing just 5 lbs triggers the brain to treat it as a survival threat | The brain fights back by increasing hunger and secretly lowering your metabolism | Eating the same calories, you now store more than you burn during weight loss | When you stop any diet, the brain pulls weight back up — making regain nearly inevitable","Everyone's brain hates it when they lose weight. It doesn't matter your starting point. You could start from a point where you are athletic versus someone who's not athletic, couch potato phenotype. The moment you lose a little bit of weight, we're talking even a few pounds. I'm not even talking, you're talking about a stone. Even if you lost five pounds, what happens in your brain is your brain is used to you carrying, you or me carrying a certain amount of weight. The moment your weight starts to go down as an adult, it goes, this is a big flag comes up. This is reducing my chance of survival. This is what the brain thinks. And so what it does is it begins to use strategies, not conscious, nothing to do with our brain, anything like that, to drag us back up, kicking and screaming to where we were before. First of all, it makes us hungry. And second, it actually very, very secretively lowers your metabolism ever so slightly. Even eating exactly the same thing, you are now storing more than you're burning. Even eating exactly the same thing. Part of the strategy to get you back up to where you were before. So once you were on that keto diet, and we can debate, talk about how it works and whether it's useful, but once you're on the diet, your weight goes off, you're able to keep it, but you said, man, I can't do this. And so you stop. And the moment you stop, your brain goes, comes back on and starts dragging you back up. This is going to be true for pretty much every single diet that is out there. The moment you stop the diet, the weight will come back on.",yes,0,,,,,2026-04-19
2026-04-19T21:54:17+00:00,DVRGrHmEmXi,instagram,https://www.instagram.com/reel/DVRGrHmEmXi,Ajay Yadav,ai,"ClaudeFlow: 60 Parallel Agents, 75% Cost Cut",ClaudeFlow is an open-source multi-agent framework running 60 Claude agents in parallel to slash API costs by 75%.,"60 Agents Working in Parallel — For Free

Most people use Claude like a single assistant.

Claude-Flow turns it into a team.

This open-source framework runs 60 AI agents in parallel — planning, coding, testing, reviewing security, and sharing memory across every run.

Instead of one model doing everything, tasks are intelligently routed:
• Simple jobs → free layer
• Complex jobs → the right Claude model

Result?
Up to 75% lower API costs and significantly higher output.

Ranked #1 in agent frameworks on GitHub with 14,100+ stars, Claude-Flow is completely open source and requires no extra subscriptions.

If you’re paying for Claude, this makes your subscription 2.5× more powerful.

Comment CLAUDEFLOW for the link.","60 agents run simultaneously — planning, coding, testing, and reviewing security while sharing memory | Smart task routing sends simple jobs to a free tier and complex jobs to the optimal Claude model | Cuts Claude API costs by 75% and makes your existing Claude subscription 2.5× more powerful | Ranked #1 agent framework on GitHub with 14,100+ stars — fully open source, no extra subscriptions","Someone just built the most powerful cloud tool on the planet. 60 agents working together simultaneously. All getting smarter every single run. 14,800 developers already found it and you are probably not one of them. So welcome back guys. This is day 60 of building you 100X. And today we are finding the most underrated AI agent tools nobody is talking about. It's called Cloudflow. And this thing is insane. One agent plans, another codes, another tests, another reviews security, all running in parallel, all sharing memory, all learning from each other after every single run. But here is the part that blew my mind. It cuts your cloud API costs by 75%. Simple tasks go to a free layer automatically. Complex tasks go to the right model. Your cloud subscription just became 2.5 times more powerful. Ranked number one in agent frameworks on GitHub. 14,100 stars, 100% open source. Free, zero extra subscriptions, maximum intelligence. Just buy it. Comment Cloudflow and I'll send you the direct link and follow for more videos.",yes,0,,,,,2026-04-19
2026-04-19T21:54:17+00:00,fbs18FYK3aRdN,facebook,https://www.facebook.com/share/v/18FYK3aRdN/?mibextid=wwXIfr,TED,psychology,How Language Shapes How You Think,"The language you speak influences your perception, memory, and how you interpret the world around you.","The language you use — whether it’s English, Chinese or French — shapes your experience of the world. Here’s how: http://t.ted.com/hIZAIlv","Kuuk Thaayorre speakers use cardinal directions instead of left/right, giving them superior spatial orientation | Grammatical gender in languages shapes how speakers describe objects (e.g., German vs. Spanish views of bridges) | Spanish speakers omit the agent in accident descriptions, making them less likely to blame individuals | Language trains attention — different languages make speakers notice different details about the same events","And does the language we speak shape the way we think? These are the Kuktayer people. They live in Pohnpurao, at the very west edge of Cape York. In Kuktayer, they don't use words like left and right. And instead, everything is in cardinal directions, north, south, east and west. And when I say everything, I really mean everything. You would say something like, oh, there's an ant on your southwest leg. Or move your cup to the north-northeast a little bit. In fact, the way that you say hello in Kuktayer is, which way are you going? And the answer should be, north-northeast in the far distance, how about you? People who speak languages like this stay oriented really, really well. They stay oriented better than we used to think humans could. We used to think that humans were worse than other creatures because some biological excuse. Oh, we don't have magnets in our beaks or in our scales. No. If your language and your culture trains you to do it, actually, you can do it. Lots of languages have grammatical gender. So every noun gets assigned a gender, often masculine or feminine, and these genders differ across languages. Could this have any consequence for how people think? Actually, it turns out that's the case. So if you ask German and Spanish speakers to, say, describe a bridge, like the one here, a bridge happens to be grammatically feminine in German, grammatically masculine in Spanish, German speakers are more likely to say bridges are beautiful, elegant, these stereotypically feminine words, whereas Spanish speakers will be more likely to say they're strong or long, these masculine words. Languages also differ in how they describe events. In English, it's fine to say, he broke the vase. In a language like Spanish, you might be more likely to say, the vase broke or the vase broke itself. If it's an accident, you wouldn't say that someone did it. In English, quite weirdly, we can even say things like, I broke my arm. Now, in lots of languages, you couldn't use that construction unless you are a lunatic and you went out looking to break your arm and you succeeded. People who speak different languages will pay attention to different things depending on what their language usually requires them to do. And that gives you the opportunity to ask, why do I think the way that I do? How could I think differently? And also, what thoughts do I wish to create? Learn English for free www.engvid.com",yes,0,,,,,2026-04-19
2026-04-19T21:54:17+00:00,fbs1Cx2JZ8t29,facebook,https://www.facebook.com/share/v/1Cx2JZ8t29/?mibextid=wwXIfr,TWS Training,fitness,Hang Longer to Fix Your Shoulders,Consistent bar hanging can reshape the acromion bone and eliminate most shoulder pain and pinching.,"Hanging can fix your shoulders… but only if you hang long enough for this to happen… 

Most shoulder problems come down to one thing:

👉 Lack of space

That’s why overhead movements start to pinch.

And a big reason for that is a small bone called the acromion.

Over time, gravity and the weight of your arm slowly pull on it… and it can start to hook downward.

Less space = more pinching and pain.

But hanging does the exact opposite.

Just like braces can reshape your teeth over time… your shoulder works the same way.

If you hang long enough and consistently, it can help guide that bone back toward its flatter, natural shape.

We’re talking millimeters…

But those millimeters make a huge difference.

⚠️ But here’s the catch:

This only works if you hang long enough.

And yes, you can hang bare-handed.

But if you can barely hang on… your shoulders never get the time they actually need to adapt.

Because the real magic isn’t just hanging longer… 

It’s being able to fully relax into the hang

And this is where grip assist can go a long way.

Don’t get me wrong, I’m all for grip strength.

But when it comes to fixing my shoulders, my priority is simple:

👉 More hang time
👉 More relaxed shoulders
👉 Easy enough to do every day

All and all, what really matters is consistancy. 

And if you want to check out the grips I’m using the link is in my profile.","The acromion bone hooks downward over time due to posture and arm weight, reducing shoulder space and causing pinching | Hanging from a bar imposes enough force to gradually reshape the acromion back toward its original flat position | Benefits kick in past the 1-minute mark — consistency and duration matter more than grip strength alone | Over 90% of Dr. John Kirsch's patients avoided shoulder surgery by adding regular hanging to their routine","Most people have no idea what hanging is actually doing to their shoulders. Everyone thinks it's just stretching the shoulders and decompressing the spine. And while that's true, the real magic lies in that it can actually help reshape the part of the scapula responsible for most shoulder problems. Now the bone I'm referring to is called the acromion and it's actually part of our scapula and because of our terrible posture and believe it or not, the weight of our arms dragging us down for many years has actually caused that acromion to hook and it's run out of usable space in our shoulders. So things like our bicep tendons and our ligaments, whenever we put our hands above our head, they actually fray against that bone and cause all kinds of pain and pinching symptoms. Now the really cool thing about hanging is, is that when Dr. John Kirsch discovered it as a solution to these shoulder problems, what he found was that when you hang from a pull-up bar, you can actually impose a force great enough that can actually start reshaping that acromion to its original position and gain the necessary millimeters of space because you don't need much space to be able to restore full function in most of his patients. He found that over 90% of them actually got to avoid shoulder surgery simply by introducing hanging. Now the only catch to this is that you've got to learn to hang long enough. Now I'm all for grip strength, but if your shoulders are completely busted, you're going to want to use some kind of assistance because the real benefits of hanging happen when you can start clocking past that one minute marker because if you can get past one minute and you can do it frequently and consistently enough every single week, not only are you going to improve the state of your shoulders, but you'll actually get to relax into it and as we've seen, will help reshape that acromion bone back into its straight position and you should be able to get rid of any kind of shoulder problems that you might have. All in all, hanging, it's an excellent exercise. You just need to make sure you hang long enough to actually see the benefits.",yes,0,,,,,2026-04-19
2026-04-19T19:50:41+00:00,fbs18ZmgCkxLy,facebook,https://www.facebook.com/share/r/18ZmgCkxLy/?mibextid=wwXIfr,Wendy the Food Scientist,food,"Crispy Lentil Crackers: No Oil, All Crunch","Make high-protein, high-fiber lentil crackers using just lentils, water, and spices — no oil needed.","Crispy, high protein, high fiber crackers — no frying, no oil.
By @wendythefoodscientist

Just lentils, water and spices. That's it.
Here's the food science behind why it works: when soaked lentils are blended, their starches gelatinize in the oven and then dehydrate — forming a thin, glassy crunch. No oil needed. The crispiness comes from the starch, not the fat.
Spread thin, bake twice, and you get a snap that sounds like a proper cracker.
Use any lentil, any seeds, any spices. New batch every week.

Ingredients
125g / ⅔ cup dry lentils
100ml / ⅓ cup + 1 tbsp water
30g / 3 tbsp sesame seeds
½ tsp salt
¼ tsp dried rosemary

Method
Soak lentils in cold water for 8-12 hours. Drain and rinse well.
Add soaked lentils and water to a high-speed blender. Blend until completely smooth — no lumps remaining.
Add sesame seeds, salt and rosemary. Stir to combine.
Spread as thinly as possible onto a lined baking tray.
Bake at 180°C / 355°F for 20 minutes.
Remove from oven and cut into squares or rectangles.
Return to oven and bake for a further 30-35 minutes until golden, dry and crispy.
Allow to cool completely before serving — they crisp up further as they cool.

#lentil #highprotein #veganrecipe #vegan #healthyvegan #plantbased","Soaked lentils blended smooth form the base — starch gelatinizes then dehydrates in the oven for crispiness | Spread batter as thin as possible, bake twice: 20 min first, then 30-35 min after slicing | Fully customizable — use any lentil, seeds, herbs, or spices | Cheaper and healthier alternative to store-bought protein snacks","How to make high-fiber, high-protein lentil crackers. They turn out super crispy without any frying, all thanks to the starches in lentils. It's so easy to make, you never have to buy expensive protein snacks again. You can choose any lentil, herbs and spices you like. The trick is to spread it thin, bake until set but soft enough to slice. Then bake again until super crispy.",yes,0,125g / ⅔ cup dry lentils | 100ml / ⅓ cup + 1 tbsp water | 30g / 3 tbsp sesame seeds | ½ tsp salt | ¼ tsp dried rosemary,"Soak lentils in cold water for 8–12 hours, then drain and rinse well. | Blend soaked lentils and water in a high-speed blender until completely smooth. | Stir in sesame seeds, salt, and rosemary. | Spread mixture as thinly as possible onto a lined baking tray. | Bake at 180°C / 355°F for 20 minutes. | Remove from oven and cut into squares or rectangles. | Return to oven and bake for a further 30–35 minutes until golden, dry, and crispy. | Allow to cool completely before serving — they crisp up further as they cool.",8–12 hours soak + 50–55 min bake,,2026-04-19
2026-04-19T08:22:18+00:00,fbs1ANWnbqkp5,facebook,https://www.facebook.com/share/r/1ANWnbqkp5/?mibextid=wwXIfr,Wendy the Food Scientist,food,Soak Nuts for the Crispiest Granola Ever,"Soaking nuts and seeds before baking removes bitter tannins and creates a crispier, more porous granola texture.","Why soak your nuts and seeds for the best granola ever
By @wendythefoodscientist

I’ve been doing this for a long time but rarely see it shared online, so here’s my secret: soaking nuts and seeds before making granola.
Why?
1. Cleaner flavor: Soaking + rinsing leaches some bitter tannins (especially in walnuts/sunflower seed), so the nutty taste is smooth and clean.
2. Crispier bite: Soaking improves texture because the nuts and seeds swell, and after drying it is more brittle, more porous. The result is super crispy.
When to use it?
For granola, roasted nuts, or any other recipe where you want extra crispy and tasty nuts/seeds
How to soak?
Rule of thumb
- Almonds: 8–12 h
- Walnuts, pecan, pumpkin seeds, sunflower seeds: 4–6 h
- Cashews: 2–4 h
- Sesame seeds: optional, 1-2 h
Rinse, soak in salted water (1.5-2 tsp per L), rinse again

The nutritional benefits of “activated” nuts are debated. While soaking may reduce some antinutrients, the enzymes activated during soaking don’t survive high-heat baking. If enzyme activity matters to you, dehydrate at low temperatures ≤50–60°C (122-140°F) instead.
The reason I soak is for texture and flavor. This method delivers the crispiest, most delicious granola I’ve ever made. I have developed a method that can be done with any oven.

Bake soaked nuts and seeds 130°C / 265°F 30-40min until dry and lightly toasted
175°C / 350°F 15-20min until roasted.

#healthyfood #healthyeating #cookinghack","Soaking leaches bitter tannins (especially from walnuts and sunflower seeds), resulting in a cleaner, smoother flavor | Nuts swell during soaking, then become more porous and brittle after drying — making granola extra crispy | Soak times vary: almonds 8–12h, walnuts/pecans/pumpkin/sunflower seeds 4–6h, cashews 2–4h; always use salted water (1.5–2 tsp per liter) | Bake soaked nuts at 130°C (265°F) for 30–40 min to dry, then 175°C (350°F) for 15–20 min to roast","This is my secret to the best granola you've ever tasted. Perfectly crispy and tasty in 5 simple steps. Rinse your nuts and seeds then soak them to draw out soluble bitter compounds like tannins. After soaking, rinse again to wash away what's been released. Then bake at low temperature until dry to the touch. Lastly, add the rest of the granola ingredients and bake until golden. It gets even crispier as it cools when you can hear it crackling in the pan. Most recipes skip the soaking step but trust me, this is what takes your granola to the next level.",yes,0,"nuts and seeds of choice (almonds, walnuts, pecans, pumpkin seeds, sunflower seeds, cashews, sesame seeds) | 1.5–2 tsp salt per 1 liter water (for soaking) | remaining granola ingredients (oats, sweetener, oil, etc.) as desired","1. Rinse nuts and seeds thoroughly | 2. Soak in salted water (1.5–2 tsp salt per liter): almonds 8–12h, walnuts/pecans/pumpkin/sunflower seeds 4–6h, cashews 2–4h, sesame seeds 1–2h (optional) | 3. Rinse soaked nuts and seeds again to wash away released tannins | 4. Spread on a baking tray and bake at 130°C (265°F) for 30–40 minutes until dry to the touch | 5. Add remaining granola ingredients, then bake at 175°C (350°F) for 15–20 minutes until golden | 6. Let cool in the pan — granola will crackle and crisp further as it cools",4–12h soaking + ~1h baking,,2026-04-19
2026-04-18T13:12:29+00:00,fbs18k7TN59Xg,facebook,https://www.facebook.com/share/r/18k7TN59Xg/?mibextid=wwXIfr,Keto Snackz,food,High-Protein Blueberry Cheesecake,A 6-ingredient baked blueberry cheesecake using cottage cheese for extra protein.,"Healthy High Protein Blueberry Cheesecake 🍰😋🫐 

Ingredients: 
3 tbsp cottage cheese
2 oz cream cheese
1 large egg
2 tbsp sweetener (I used monkfruit)
2 tbsp blueberries
1 tsp vanilla extract

Instructions:
1. Blend all ingredients except the blueberries and pour it in a greased dish.
2. Add your blueberries & bake @ 325F for 30-35 mins. 
3. Take it out, chill for a couple hours & enjoy!

Pro tip: Mash some extra blueberries and swirl them in the top with a toothpick👌","Blend cottage cheese, cream cheese, egg, sweetener, and vanilla; pour into a greased dish | Add blueberries on top and bake at 325°F for 30–35 minutes | Chill for a couple hours before serving | Pro tip: mash extra blueberries and swirl on top with a toothpick","If you bake blueberries with cottage cheese, an egg, cream cheese, and sweetener for 30 minutes, you get a healthy blueberry cheesecake.",yes,0,3 tbsp cottage cheese | 2 oz cream cheese | 1 large egg | 2 tbsp sweetener (monk fruit) | 2 tbsp blueberries | 1 tsp vanilla extract,"Blend all ingredients except the blueberries and pour into a greased dish. | Add blueberries on top and bake at 325°F for 30–35 minutes. | Take out, chill for a couple hours, and serve. | Optional: mash extra blueberries and swirl on top with a toothpick before baking.",30–35 min bake + chill,,2026-04-18
2026-04-18T13:01:38+00:00,DWxmSwTDFk2,instagram,https://www.instagram.com/reel/DWxmSwTDFk2/?igsh=dWFmdzN1emJzdzEw,Brycen Wood,ai,One File Gets Your Business Into ChatGPT,A llms.txt file on your website can get ChatGPT to recommend your business for free.,"ChatGPT is recommending my vehicle wrap shop to people searching for wraps in Utah. I didn’t pay for it. I set it up with one file.

It’s called llms.txt. It sits on your website and tells AI assistants what your business does, where you are, and why someone should choose you. It took me 5 minutes to create with Claude Code.

Most businesses don’t know it exists.

My website also went from 7 visitors a day to 150 after I rebuilt it. No ads. No agency. I’ll show you how.

How long before every business has one of these?

#chatgpt #vibecoding #aimarketing #claudecode #smallbusiness","llms.txt tells AI assistants your business name, location, and differentiators | Takes ~5 minutes to create and requires no ad spend | Creator's site grew from 7 to 150 daily visitors after an AI-assisted rebuild | Most small businesses don't know this file format exists","ChatGPT is recommending my business to people who are looking for vehicle wraps. I didn't pay for that, I didn't ask for it, I just set it up with one file. Who does the best vehicle wraps in Utah? See that? That's not an ad, that's just ChatGPT telling a real potential customer to come to my shop. This is a text file that sits on my website. This file tells AI Assistants what my business is, where we're located, what we specialize in, and what sets us apart from other wrap companies. Most business owners don't even know that this file exists. But here's the thing, it only took me 5 minutes to set up. My website also went from 7 visitors a day to 150 after I rebuilt it. Two weeks, zero ads, all built on clawed code. I'll break down exactly how in another video.",yes,0,,,,,2026-04-18
